0.05,12,0,7150641942361577202,human,101
0.05,0,0,6083232639412180620,human,218
0.05,6,0,5287177638959484476,human,170
0.05,3,0,6755633910228000748,zombies,278
0.05,9,0,1634323078698654680,human,356
0.05,0,3,7429015212721736311,human,17
0.05,0,2,2558951063457553206,human,24
0.05,0,1,7382950148974529133,human,33
0.05,0,4,8517082737464852341,human,33
0.05,0,8,4683680561750205962,human,47
0.05,0,7,8448168669963628209,human,73
0.05,0,10,7082567870920304038,human,50
0.05,0,0,3421589035639967883,zombies,129
0.05,0,12,3798560651402310045,human,31
0.05,0,13,6836051486301277772,human,81
0.05,0,17,3227556848716815512,human,5
0.05,0,14,4641386974659867117,human,84
0.05,0,9,6812637429158938271,zombies,345
0.05,0,5,8500788529610469355,human,250
0.05,0,6,1612423811690876090,zombies,470
0.05,0,15,4201389824699860212,human,175
0.05,0,22,6244781238249108462,human,37
0.05,0,18,3537583437944392168,zombies,181
0.05,0,16,6214371936445101419,zombies,359
0.05,3,0,5325094741797620300,human,33
0.05,0,11,7679329927311092847,zombies,555
0.05,0,21,6507620766838518477,human,170
0.05,0,19,6848101647105908557,human,483
0.05,3,4,5980219515985194549,human,28
0.05,0,23,7516101358926691000,human,211
0.05,3,3,8477790549761563344,human,118
0.05,3,7,5699488459461363831,human,73
0.05,3,5,4551005406651977336,zombies,163
0.05,3,2,7735935806359695718,human,240
0.05,3,6,2510168198790336190,human,156
0.05,0,20,3732971757828490930,human,572
0.05,3,1,8440326763221643200,zombies,341
0.05,0,24,944355127186506601,human,740
0.05,3,10,8784031226602429583,human,122
0.05,3,14,7193635489236901835,human,99
0.05,3,11,734844476310343606,zombies,299
0.05,3,12,8783075212536928920,zombies,219
0.05,3,8,6219107007162556287,zombies,430
0.05,3,13,7202897652373546762,human,303
0.05,3,15,9136898686817209289,human,166
0.05,3,21,6280636581891780895,human,28
0.05,3,9,4395071977259278912,human,682
0.05,3,19,5263852616370777584,human,126
0.05,3,18,6757411181445107132,zombies,251
0.05,3,17,1004193126956280768,zombies,480
0.05,3,23,7449211421492093839,human,75
0.05,3,20,7587403058675563052,zombies,221
0.05,3,24,6874426986368146441,human,121
0.05,3,16,8323053105527544604,human,541
0.05,3,22,111226138544795427,human,429
0.05,6,3,2557984096049385595,human,108
0.05,6,0,2723802982063320853,human,224
0.05,6,7,6466259125701062578,human,58
0.05,6,8,9090392153401584167,human,72
0.05,6,1,788111650291477294,human,416
0.05,6,5,4195992883922376688,zombies,316
0.05,6,4,7602900855944385223,zombies,491
0.05,6,6,2106843246628458230,zombies,291
0.05,6,14,819932611686974586,human,39
0.05,6,11,8241752034575734484,human,111
0.05,6,15,4703971345307757985,human,73
0.05,6,16,8027758537156020349,human,59
0.05,6,9,1748278639780809946,human,436
0.05,6,19,6222769676854227528,human,47
0.05,6,10,1846450609494270811,human,1157
0.05,6,2,1916230148444969770,zombies,914
0.05,6,18,2646995424572962972,zombies,203
0.05,6,13,6248821993488107232,human,573
0.05,6,17,1143235084321206420,human,356
0.05,6,22,7034041016055522358,human,77
0.05,9,0,2787477865326991552,human,36
0.05,6,12,3032603781602183270,zombies,1138
0.05,6,21,4503932878224995813,zombies,314
0.05,6,20,5091529237176705035,zombies,331
0.05,9,5,1122651415967242486,human,26
0.05,9,2,2311775674797039505,human,133
0.05,6,23,8210294760950163778,zombies,236
0.05,6,24,4457364068994153980,human,242
0.05,9,4,8900133807024416351,zombies,305
0.05,9,3,8906827258840973078,human,332
0.05,9,6,4709712489484488630,zombies,245
0.05,9,11,1169272419226218318,human,26
0.05,9,9,1206710355544109216,zombies,156
0.05,9,7,986037412256588495,human,288
0.05,9,8,6905148653075603702,human,177
0.05,9,10,5990784402992692931,zombies,246
0.05,9,1,8679759652017271882,zombies,386
0.05,9,12,2951619460440511413,human,126
0.05,9,13,3237917404384451927,human,180
0.05,9,14,5096951864365398930,zombies,242
0.05,9,15,1188196612669514338,zombies,229
0.05,9,22,2799518652940071429,human,29
0.05,9,17,3721172064434811895,zombies,217
0.05,9,16,5517493164384499159,zombies,177
0.05,9,21,7128655331223291459,human,147
0.05,9,20,4881972738528056997,human,277
0.05,9,18,4976460316888411405,human,762
0.05,12,3,1959397438401346727,human,54
0.05,12,1,8385955949247702093,human,139
0.05,9,19,5885424368699435508,human,527
0.05,12,2,5667552561541193656,human,151
0.05,9,24,6879424125106871326,zombies,560
0.05,9,23,3515866464502683209,zombies,356
0.05,12,4,687927061645323000,zombies,187
0.05,12,0,6586516752857465595,zombies,421
0.05,12,8,1867164112511544143,human,158
0.05,12,13,6941239764426257718,human,29
0.05,12,12,4163215277079605672,human,63
0.05,12,7,1467535867710044458,zombies,230
0.05,12,9,3740291162889363742,zombies,454
0.05,12,6,784926344444311918,human,547
0.05,12,11,3948339518975490239,human,244
0.05,12,10,5474692842652371508,zombies,336
0.05,12,16,531981907516122122,human,115
0.05,12,14,8759617236014386549,human,237
0.05,12,22,3277041551086977744,human,39
0.05,12,5,2175607353975717164,zombies,572
0.05,12,20,7563142522510187494,zombies,228
0.05,12,18,8192164711586127521,zombies,213
0.05,12,15,2965267999419205679,human,634
0.05,12,21,3263852406948047481,human,136
0.05,12,19,1223164142304004132,human,218
0.05,12,17,8877486650143889462,zombies,597
0.15,0,3,182756557574154721,human,36
0.05,12,23,1143232696643422351,human,493
0.15,0,0,5857566415354574153,human,76
0.05,12,24,1093765015420150476,zombies,534
0.15,0,2,8328916271808390417,human,87
0.15,0,9,5784832851700854276,human,31
0.15,0,7,3452781829644917072,human,200
0.15,0,4,7737559657830089043,human,226
0.15,0,1,5020308541260356500,human,364
0.15,0,5,4304693219076770159,human,371
0.15,0,8,2957321971801464265,human,144
0.15,0,12,5930064584101003359,human,67
0.15,0,6,6585123452866252385,human,354
0.15,0,14,1383805510915188197,zombies,238
0.15,0,15,538646715435622082,human,391
0.15,0,16,5753193517157183919,human,91
0.15,0,11,8983390125429223886,zombies,305
0.15,0,13,3918330618798182184,human,204
0.15,0,18,4141893523981925948,human,138
0.15,0,22,7555638648100612086,human,64
0.15,0,20,6037409847358940667,human,110
0.15,0,19,6165518768340825220,human,166
0.15,0,17,2432193444391800245,zombies,304
0.15,0,10,1674012912986653033,human,697
0.15,3,4,4613352314393947827,human,40
0.15,3,3,1290020762293817742,human,87
0.15,3,1,6880010279636098511,human,141
0.15,0,24,2479686561172886063,zombies,470
0.15,0,23,5583796972571043631,human,630
0.15,0,21,4565349140072510561,human,359
0.15,3,9,5218002944998110114,human,39
0.15,3,0,251969396100072365,human,257
0.15,3,5,8013117315189437224,zombies,366
0.15,3,2,266746306969048195,human,509
0.15,3,10,336801481510274845,human,109
0.15,3,15,8693949662481367079,human,21
0.15,3,8,8868578014056370880,zombies,393
0.15,3,7,8192011785458456076,human,367
0.15,3,6,2469409696305997476,human,357
0.15,3,12,5118287417847098559,zombies,209
0.15,3,11,8787269157985284892,human,181
0.15,3,14,2705557079268239696,human,132
0.15,3,13,5952349399545349902,human,248
0.15,3,18,3330303260518010485,human,66
0.15,3,16,8740188213886317994,human,176
0.15,3,21,2541626877815239068,zombies,213
0.15,3,20,8409161712656571054,human,135
0.15,3,17,8407199302870126368,human,207
0.15,3,23,7396380304789673747,human,562
0.15,3,19,432335290593399734,human,290
0.15,6,1,5595384805202774451,human,157
0.15,3,24,5731552643009793525,human,397
0.15,6,0,7542313367233045334,human,837
0.15,6,3,1416014361586470067,zombies,370
0.15,6,8,2630249069433279614,human,35
0.15,3,22,3809481296255277949,human,669
0.15,6,2,4586525912592180127,human,429
0.15,6,7,5829385728382025965,human,218
0.15,6,5,1314809955027664990,zombies,325
0.15,6,10,1050904111068506239,human,63
0.15,6,4,7856857621671798356,human,884
0.15,6,11,2800427776897668583,zombies,187
0.15,6,6,1513095611270112465,zombies,509
0.15,6,9,8441919866379180536,zombies,249
0.15,6,12,3157917291919684563,zombies,494
0.15,6,15,3170784650077737523,human,231
0.15,6,14,5579933426870848380,zombies,514
0.15,6,13,6942947652541716818,human,427
0.15,6,17,5283398193373501394,zombies,513
0.15,6,18,2733786620999358213,zombies,358
0.15,6,16,2804179373598622821,human,228
0.15,6,19,4994671434024118203,human,168
0.15,6,24,7615613429801465716,human,28
0.15,6,21,5654259094435083102,human,183
0.15,6,23,4927118889642434351,zombies,318
0.15,9,4,8318491001396654921,human,101
0.15,9,5,8502696450890696872,human,61
0.15,6,20,1656944290218620656,human,330
0.15,6,22,5249401761537147516,zombies,509
0.15,9,3,3673812202269183934,human,650
0.15,9,0,7828713365837356194,human,458
0.15,9,1,5490478581042637358,zombies,481
0.15,9,2,5363624079102732223,human,418
0.15,9,9,8424072507765172473,zombies,173
0.15,9,8,910862430975558561,human,309
0.15,9,6,2044417040902175998,human,758
0.15,9,14,1041226778384189087,human,138
0.15,9,10,1589195670764174444,zombies,464
0.15,9,7,2306985831521771386,human,604
0.15,9,11,6122264081583097514,zombies,405
0.15,9,13,2489130209422271203,zombies,436
0.15,9,15,4078974545494197887,zombies,369
0.15,9,12,1595234291036458699,human,332
0.15,9,17,3960941661117794775,zombies,183
0.15,9,19,4939103505261857320,human,126
0.15,9,16,8499080956972570681,human,882
0.15,9,20,102085528578017855,zombies,243
0.15,9,18,7515384092060227649,human,214
0.15,9,21,8171813927574183566,zombies,312
0.15,9,22,3280383406830209563,human,273
0.15,12,0,4683003859188945156,zombies,424
0.15,9,24,3691152620346061307,zombies,1745
0.15,12,1,2606773127906203842,human,205
0.15,9,23,2289566962637214240,human,329
0.15,12,7,3773844331327953587,human,65
0.15,12,2,363441911713997808,human,340
0.15,12,6,2545468461958615046,zombies,269
0.15,12,4,1920746164771822332,zombies,446
0.15,12,3,4270309778211560175,zombies,712
0.15,12,10,6244169860146827480,zombies,247
0.15,12,9,7181254274097716382,zombies,794
0.15,12,12,3411988883541404675,human,124
0.15,12,5,3665330983889804018,human,761
0.15,12,8,8317406506222471661,zombies,769
0.15,12,13,8573845953896968961,human,101
0.15,12,11,3808521576161359147,zombies,295
0.15,12,14,8863048668144860211,zombies,723
0.15,12,19,7102228357530738299,zombies,203
0.15,12,18,7769869398506981677,zombies,213
0.15,12,17,4960843073073357843,zombies,338
0.15,12,16,2084394205377897102,human,232
0.15,12,20,6920861163010448500,zombies,490
0.15,12,21,4265418033501056358,human,719
0.15,12,22,8699263770291171808,human,142
0.15,12,15,6796040467162286091,zombies,565
0.25,0,0,6120223189034735059,zombies,272
0.15,12,23,3917908893393800934,human,489
0.15,12,24,8208444362206142387,zombies,417
0.25,0,1,8382886718635247942,human,191
0.25,0,3,6678468553708186646,human,251
0.25,0,5,5006866369502437376,human,237
0.25,0,7,3903027039369469976,human,89
0.25,0,4,941187950872766512,human,152
0.25,0,2,7139849293172991101,human,202
0.25,0,8,6855060484123663365,human,135
0.25,0,11,7608895754277301669,human,32
0.25,0,12,1557591846921606893,human,64
0.25,0,6,3551349504363431091,human,298
0.25,0,18,5694273297769987882,human,21
0.25,0,9,5971078764327457820,human,186
0.25,0,17,4179001664180460082,zombies,196
0.25,0,16,5722779070769556186,human,237
0.25,0,14,3306031433743167306,human,352
0.25,0,10,130039248587049209,human,313
0.25,0,13,1908042412067504024,zombies,702
0.25,0,15,2626595542913380622,zombies,467
0.25,0,21,3896602036915162387,human,165
0.25,0,20,3496047367254195805,zombies,337
0.25,0,24,2628050018130280241,human,136
0.25,0,22,2422010704585562633,human,266
0.25,0,23,4460650398715079919,zombies,633
0.25,3,2,8446026852609445292,human,452
0.25,3,0,2073581168932251970,human,212
0.25,0,19,7704346818443058054,human,718
0.25,3,4,7149073667423261159,human,132
0.25,3,1,3861342645988604240,human,224
0.25,3,6,3275317803586426310,zombies,428
0.25,3,3,7787777580025269959,human,282
0.25,3,7,1351180678367984817,human,98
0.25,3,12,3981575409388430226,human,61
0.25,3,5,7890279467976754272,human,513
0.25,3,9,3735095023937722856,human,147
0.25,3,14,8209697712937344373,human,103
0.25,3,10,6356369938499389232,human,333
0.25,3,13,7722118298696911272,human,148
0.25,3,8,8031312117460993916,human,290
0.25,3,11,8591461482649923065,human,282
0.25,3,16,4730901618063781113,human,392
0.25,3,17,8913475457613724358,human,241
0.25,3,20,8959348275273491843,human,103
0.25,3,22,6332785435840788437,human,594
0.25,3,23,4030911033687929592,human,157
0.25,3,18,5212384332758860288,human,198
0.25,3,15,7784660294051381682,human,773
0.25,3,21,3163511558626216577,human,389
0.25,3,19,7554116919268037027,human,611
0.25,3,24,310351277556336447,human,129
0.25,6,1,893059474064558067,zombies,163
0.25,6,2,7562826465533572819,human,114
0.25,6,3,1727123219053640649,zombies,267
0.25,6,5,6726047410676178096,human,227
0.25,6,0,4986164698555936033,human,271
0.25,6,7,5760421128776042734,zombies,346
0.25,6,6,5567800341124858352,human,306
0.25,6,9,4899872740921283319,zombies,343
0.25,6,8,7892440041100892634,human,185
0.25,6,4,4489145674852640245,human,277
0.25,6,10,3804783855964267521,human,207
0.25,6,17,7396963807720511673,zombies,172
0.25,6,13,2681620727660344718,zombies,368
0.25,6,12,5360997250282431240,human,750
0.25,6,11,5509763609271513929,zombies,342
0.25,6,18,5034032595488221313,human,91
0.25,6,20,2431119370016537418,human,82
0.25,6,14,6890296478264465919,human,389
0.25,6,23,5309284351899803065,human,65
0.25,6,22,7357908782926615340,human,198
0.25,6,16,6187186435758958680,zombies,616
0.25,6,15,745042084924764759,human,490
0.25,6,21,1634688741533570640,zombies,597
0.25,6,19,3712066594852578704,human,430
0.25,6,24,8551439613637858547,human,99
0.25,9,0,4765476590171851466,zombies,720
0.25,9,4,6566028554864297644,human,109
0.25,9,6,4437170475489508773,human,1140
0.25,9,5,5714255716243691389,human,139
0.25,9,1,4527314130348787288,zombies,432
0.25,9,7,3830281707351923843,human,367
0.25,9,2,5316439821610303515,zombies,261
0.25,9,3,5788511777915343854,human,373
0.25,9,11,3722217285826442545,zombies,173
0.25,9,8,521505673884872101,zombies,546
0.25,9,12,6904481888333652011,human,159
0.25,9,13,999404734242298362,zombies,354
0.25,9,10,3435461889200389192,zombies,275
0.25,9,16,7052869773973945923,human,242
0.25,9,14,3895413436406309182,zombies,490
0.25,9,20,4583793120752946707,human,393
0.25,9,18,553638390321801448,human,202
0.25,9,9,1217974703569429817,zombies,755
0.25,9,17,8921238257477644925,zombies,356
0.25,9,15,5603704116133347251,human,635
0.25,9,19,2753425677075423102,zombies,467
0.25,9,22,7331565921526732642,zombies,339
0.25,12,0,2229605416414653337,human,225
0.25,9,24,3877682175307393657,zombies,346
0.25,12,1,7192403084353017545,zombies,656
0.25,9,21,1927203753210294996,human,347
0.25,9,23,7365407543720089607,human,346
0.25,12,5,69576544731736774,human,90
0.25,12,3,3880856368833882457,human,281
0.25,12,2,4189541659939572055,zombies,496
0.25,12,6,4380141719119148857,human,552
0.25,12,8,3694018893662901298,zombies,403
0.25,12,4,7735132639032480533,human,289
0.25,12,7,5068348290188142892,zombies,255
0.25,12,11,2609821661681407570,human,117
0.25,12,9,4788658496876327515,human,225
0.25,12,10,5020584515436223293,human,327
0.25,12,16,3312367850624546093,zombies,358
0.25,12,17,5089324274940131952,zombies,518
0.25,12,14,1141279729911223221,human,224
0.25,12,18,8906131437382679524,human,615
0.25,12,20,1279555479020389931,zombies,156
0.25,12,12,4075626278191786368,human,899
0.25,12,19,6440708705392841730,zombies,360
0.25,12,22,6289371599000438563,zombies,243
0.25,12,13,5640335742419931577,zombies,915
0.35,0,0,11784489047978310,human,88
0.35,0,1,4961245956191943761,human,140
0.35,0,3,6404258714623841186,human,45
0.25,12,24,355500336505469255,human,442
0.25,12,15,5029124132708286728,human,849
0.35,0,2,727380496365426079,human,98
0.25,12,21,7035699725564216730,zombies,487
0.35,0,4,7247983261167768514,human,119
0.35,0,5,7001237568868723293,zombies,277
0.35,0,7,8183297673442856650,human,126
0.25,12,23,8710349718131739667,human,568
0.35,0,10,3286795070356210300,human,121
0.35,0,8,2600937761784012784,human,154
0.35,0,15,6713223957525466544,human,34
0.35,0,9,7334971231446905654,human,193
0.35,0,6,4093074696422641345,human,192
0.35,0,18,3789102341277690337,human,39
0.35,0,16,424845760270443769,human,80
0.35,0,13,3284485367041441214,zombies,546
0.35,0,12,1114917311430692607,human,195
0.35,0,14,2502849443873020260,human,171
0.35,0,22,4612211005339491494,human,70
0.35,0,19,8675987422222111420,human,196
0.35,0,17,2157447843574450662,human,162
0.35,0,11,2434853276132560819,human,288
0.35,3,2,4846619326259673102,human,76
0.35,0,21,4358436901233680714,human,248
0.35,3,3,2232118081296736609,zombies,176
0.35,3,5,6749198604188199414,human,29
0.35,0,20,2586560891454542903,human,340
0.35,3,0,3679902009192484081,human,325
0.35,0,23,7065139748666629761,human,256
0.35,0,24,4270755103692046061,human,292
0.35,3,1,8502300421650563594,human,219
0.35,3,4,8675665202912587723,human,132
0.35,3,8,2268105462114180781,human,137
0.35,3,6,3427974772986399532,human,304
0.35,3,10,670957301414790265,human,103
0.35,3,12,535408230200714554,human,85
0.35,3,11,3826333117609311597,human,209
0.35,3,9,4947419018482646340,human,199
0.35,3,15,152299810627673900,human,78
0.35,3,17,68654574768942253,human,192
0.35,3,7,3842979642496335696,human,809
0.35,3,13,4931302268199651295,human,425
0.35,3,20,6489729634232995494,human,168
0.35,3,19,29801631506240816,human,185
0.35,3,18,5232845804973084819,human,157
0.35,3,16,2042737428271448710,human,417
0.35,3,14,4564953219759782709,human,382
0.35,3,21,6589660770517274370,human,238
0.35,3,22,2043314487357120591,human,292
0.35,3,23,8030728984169996467,human,155
0.35,3,24,4461983685178545998,human,141
0.35,6,1,9074652868018395741,human,222
0.35,6,2,2452573934868684645,human,590
0.35,6,3,8473161730227142592,human,606
0.35,6,6,6997246631150148099,human,509
0.35,6,7,6550267703860440625,zombies,247
0.35,6,10,6455124599355068695,human,44
0.35,6,5,114032150864315962,human,396
0.35,6,0,2372274331994655463,human,728
0.35,6,4,808965006508840255,human,550
0.35,6,12,6558555187648096776,human,309
0.35,6,11,6672708380030164341,human,200
0.35,6,8,8646430026046197590,human,314
0.35,6,9,7724651347666613289,human,254
0.35,6,14,4697325539026499372,human,290
0.35,6,16,1450491116446945449,human,491
0.35,6,13,8192236049861122229,human,542
0.35,6,21,7958011053145433439,human,71
0.35,6,17,8543299593759464590,zombies,202
0.35,6,23,4752084089695758906,human,80
0.35,6,19,3295594348735277195,human,341
0.35,6,22,1517091929783940458,zombies,313
0.35,6,15,6178371054768645169,human,355
0.35,6,18,785130840753343733,human,330
0.35,6,20,4239244956441828127,human,378
0.35,9,2,7528855435328210746,zombies,285
0.35,6,24,1713979817957512112,human,256
0.35,9,0,6271950673471566901,zombies,410
0.35,9,5,4644745306934034823,human,356
0.35,9,4,5934612649677656539,human,249
0.35,9,1,1087900990125368131,human,268
0.35,9,3,2639071342360634080,zombies,892
0.35,9,6,6729890940193749672,zombies,487
0.35,9,12,7200502492836021925,human,135
0.35,9,13,2762178322545720508,human,229
0.35,9,9,1372488777525499291,zombies,322
0.35,9,7,8957518212247826938,human,271
0.35,9,8,3978115127438816721,human,359
0.35,9,11,4073135917672324824,human,684
0.35,9,10,4583294922349902934,zombies,814
0.35,9,14,4690097405952164510,human,795
0.35,9,17,1420430178593515801,zombies,348
0.35,9,18,6424276863522175564,zombies,222
0.35,9,16,6162534547328175401,zombies,341
0.35,9,20,7468314795791324666,human,108
0.35,9,19,5600627279864839058,zombies,726
0.35,9,15,4989055255412224842,zombies,604
0.35,9,21,8958392443231277810,human,225
0.35,9,22,3348020446622635512,human,173
0.35,12,2,6747896117968429745,zombies,393
0.35,12,1,6924206333635481733,human,343
0.35,12,0,5486704274732192059,zombies,670
0.35,9,24,5817494285069008135,human,524
0.35,9,23,3174739118902830542,human,511
0.35,12,4,6618735771778769141,zombies,395
0.35,12,5,6874319614425906127,human,204
0.35,12,3,4023591075381745008,human,315
0.35,12,6,4237973916639792134,zombies,255
0.35,12,7,9001311604471862553,human,277
0.35,12,10,5304805592834487149,zombies,306
0.35,12,9,3887383735526113001,human,447
0.35,12,11,2174275359029458418,human,307
0.35,12,14,8046738846282846701,human,271
0.35,12,13,4475134672382031813,human,362
0.35,12,8,4478567124619488461,human,506
0.35,12,12,3102869837185764968,human,421
0.35,12,15,2884311468829733331,human,281
0.35,12,22,7698098863234911966,human,126
0.35,12,16,5378406521965616149,human,399
0.35,12,20,4081789537452754793,zombies,624
0.35,12,17,563232056868155092,zombies,585
0.35,12,23,4856501903067680774,human,381
0.35,12,21,363512095323956984,human,318
0.35,12,18,2537091892868497614,human,584
0.35,12,19,2104515553112618386,human,549
0.45,0,1,1103076507357566091,human,84
0.45,0,3,1599915110230592575,human,90
0.45,0,0,6849333832948708824,human,156
0.45,0,4,661717125186357885,human,199
0.45,0,2,6756149619676692423,human,219
0.45,0,6,8641895778484823486,human,156
0.45,0,10,250818931081123745,human,58
0.45,0,8,3787964590689129418,human,560
0.45,0,5,1237606890076774845,human,255
0.35,12,24,2636670050257442111,human,577
0.45,0,7,2211241261004027149,human,220
0.45,0,15,3069739449174360039,human,48
0.45,0,9,2798808310907590850,human,168
0.45,0,14,219020467101761215,human,63
0.45,0,12,4579398483651515307,human,103
0.45,0,11,4003973851926517252,human,177
0.45,0,18,6738409069431144165,human,60
0.45,0,13,7700279581918121943,human,148
0.45,0,19,9005391278587917166,human,68
0.45,0,16,5093290224913668868,human,155
0.45,0,24,28331935689116830,human,34
0.45,0,17,404008233524241245,human,151
0.45,0,20,4445222623284004216,human,152
0.45,0,23,7779028080347466346,human,127
0.45,0,21,1101968152269078212,human,408
0.45,3,2,3633912661775814467,human,107
0.45,3,0,3591564584116664575,human,212
0.45,3,1,5069388819027794413,human,182
0.45,3,4,513245556923387589,human,303
0.45,0,22,1103514210073203832,human,469
0.45,3,7,7156221184254863770,human,112
0.45,3,5,5323784491766470551,human,220
0.45,3,3,848673613972847623,human,268
0.45,3,9,4293672053808692872,human,199
0.45,3,8,5340420045563306063,human,378
0.45,3,11,8802835782919264004,human,177
0.45,3,15,4667425991943198236,human,177
0.45,3,13,1687620177452184275,human,184
0.45,3,14,6670535705901585192,human,187
0.45,3,16,69822280668996613,human,694
0.45,3,19,9133969100281889434,human,51
0.45,3,12,883415095063430991,human,429
0.45,3,18,4998454090597461208,human,140
0.45,3,6,1895633719186046606,human,486
0.45,3,10,4244258616495318230,human,807
0.45,3,20,1581379594521892392,human,147
0.45,3,23,8763982160231316856,human,136
0.45,3,17,4428905913530320744,human,546
0.45,3,22,8803064842031100503,human,303
0.45,3,24,1249222435276345187,human,287
0.45,3,21,7489294379960848469,human,233
0.45,6,0,6959979662740767994,human,292
0.45,6,1,485137480017336818,human,229
0.45,6,2,2434858281718450974,human,147
0.45,6,6,5105927112310081498,human,400
0.45,6,4,1612387487729798652,human,221
0.45,6,3,2315373842698526830,human,477
0.45,6,7,4008788067718994589,human,187
0.45,6,8,3595246902802632293,human,298
0.45,6,5,5970748459876605329,human,292
0.45,6,10,8544212966315700195,human,119
0.45,6,9,1245194020143994467,human,322
0.45,6,11,59181447599971943,human,262
0.45,6,12,3596065788675472562,human,334
0.45,6,18,5406520068843284388,human,202
0.45,6,17,4745190010845773109,zombies,613
0.45,6,16,5644835452873294729,human,369
0.45,6,15,6629092649653032532,zombies,562
0.45,6,13,1107724984797991610,human,521
0.45,6,23,3359461897146211906,human,142
0.45,6,21,1053957363538036200,human,159
0.45,6,19,6463158830679836993,human,290
0.45,6,22,198371609715881994,human,563
0.45,9,0,5929353550643492739,zombies,550
0.45,6,14,2823096138454376405,human,585
0.45,6,24,2054604083579411962,zombies,508
0.45,6,20,4617691419727977884,human,603
0.45,9,2,6813704698261450950,human,423
0.45,9,1,7220395954610445863,human,276
0.45,9,5,8664195558813531843,human,417
0.45,9,3,3265713337984630113,human,416
0.45,9,4,4204613566644743154,human,219
0.45,9,7,3760051754594874971,human,309
0.45,9,9,6588572867534900,human,208
0.45,9,10,1967832241370481487,human,206
0.45,9,8,4430477883417338752,human,313
0.45,9,11,481820674764228275,human,539
0.45,9,12,4249363843390768861,human,522
0.45,9,15,3637087371169100907,zombies,260
0.45,9,13,1788095719402009214,human,366
0.45,9,14,2387615966398073744,human,666
0.45,9,6,3778413448999502599,human,506
0.45,9,16,7478139709279386205,human,612
0.45,9,19,4506704731321418902,human,282
0.45,9,17,2306967096885555700,human,675
0.45,9,18,6759976740519321945,human,514
0.45,9,20,3767021674529010007,human,183
0.45,9,21,754320028947909214,human,314
0.45,9,23,7553604193902692809,zombies,380
0.45,12,0,1585169532462979304,human,265
0.45,12,1,8781757409788035896,human,176
0.45,9,24,6344829959481479562,human,299
0.45,12,4,851481717625553112,human,502
0.45,12,3,3837743470204921112,human,332
0.45,12,2,2421633999908034977,human,540
0.45,9,22,7501249516971486675,human,509
0.45,12,5,1417155524188394036,zombies,326
0.45,12,6,743255306998014434,human,295
0.45,12,10,652413900146817492,human,169
0.45,12,7,5132203734497662248,human,432
0.45,12,12,5869461232999586390,human,166
0.45,12,11,3347521620013388120,human,268
0.45,12,14,3429420071660139442,human,344
0.45,12,8,8528790382185007791,human,330
0.45,12,13,3723029423945277762,human,328
0.45,12,9,4343191306968075741,human,784
0.45,12,19,1928305226296470006,zombies,266
0.45,12,21,1664766450631349687,human,112
0.45,12,15,1470342857487376238,zombies,429
0.45,12,20,87048180004354056,zombies,476
0.45,12,22,6289086608833385024,human,210
0.45,12,17,5613340542520218833,zombies,624
0.45,12,18,7394196474678524476,human,590
0.55,0,2,6764975628362394805,human,60
0.55,0,1,7007739753509858113,human,205
0.55,0,4,3950787378913803095,human,47
0.45,12,24,2296392687988110555,human,500
0.45,12,16,6348438899795725681,human,609
0.55,0,6,4975511217710399703,human,47
0.55,0,0,160826141217427880,human,318
0.55,0,3,6251809307963916784,human,277
0.45,12,23,3179285281240217517,human,425
0.55,0,8,1326662224047732541,human,95
0.55,0,5,3517284941094134212,human,171
0.55,0,15,403174605100580079,human,26
0.55,0,11,537461109975453826,human,149
0.55,0,9,1010657741841574526,human,203
0.55,0,13,2222189852301573247,human,117
0.55,0,12,5019131223246447945,human,199
0.55,0,14,3176223627390234074,human,122
0.55,0,7,7011616949197752243,human,361
0.55,0,17,3487454870529399028,human,99
0.55,0,19,2243579233224538106,human,64
0.55,0,20,3359450773875017647,human,28
0.55,0,10,4048467073894505920,human,214
0.55,0,22,7115696471818800751,human,46
0.55,0,16,56708455395900447,human,118
0.55,0,21,2843706897705578647,human,75
0.55,0,23,4076277187248606020,human,98
0.55,0,24,8581457548000228334,human,113
0.55,0,18,8673749081161018951,human,172
0.55,3,1,5380775264556512503,human,102
0.55,3,7,1398383122591198324,human,66
0.55,3,4,8649204286050431659,human,194
0.55,3,5,1426834554874843625,human,221
0.55,3,2,2492122920723360924,human,212
0.55,3,3,1746357363630568526,human,295
0.55,3,6,8323179794160104237,human,251
0.55,3,0,4106428094058248103,human,279
0.55,3,11,5935972347884351978,human,64
0.55,3,9,7593864992373232720,human,117
0.55,3,10,4600373486734621680,human,293
0.55,3,8,8869098697951679430,human,322
0.55,3,16,2261331775293112725,human,98
0.55,3,12,8784167690410568469,human,349
0.55,3,17,6395993237022079175,human,177
0.55,3,14,7775916716821157179,human,192
0.55,3,20,371863332948934699,human,238
0.55,3,13,4913896760434518942,human,309
0.55,3,15,1002859570390720492,human,274
0.55,3,19,5205897731611285394,human,197
0.55,3,21,4011225445499362871,human,85
0.55,3,18,4236779756184375575,human,211
0.55,3,23,7404688515791857121,human,144
0.55,6,1,7434248457944821554,human,117
0.55,6,0,7462595039599035284,human,301
0.55,3,22,849739601072860784,human,313
0.55,6,4,8093132538179695614,human,314
0.55,6,3,8714452855675925315,human,330
0.55,3,24,5537464426027110422,human,404
0.55,6,5,5572006514958821722,human,629
0.55,6,2,5519937264626138889,human,606
0.55,6,6,7363095568810328784,human,162
0.55,6,9,7685841597521173236,human,106
0.55,6,11,1565909190295428137,human,143
0.55,6,7,6684252298315699877,human,358
0.55,6,10,7855541273081599512,human,184
0.55,6,12,7134276258494551857,human,293
0.55,6,8,1588475194623729735,human,478
0.55,6,14,2340106604962013131,human,266
0.55,6,16,4262379543238886129,human,132
0.55,6,19,482449443632216384,human,208
0.55,6,13,7974583938108987897,human,543
0.55,6,15,2802117876188794252,human,277
0.55,6,18,729071360123906710,human,463
0.55,6,17,3341799941121105883,human,325
0.55,6,20,7827164828014055343,human,868
0.55,6,24,1705118954227951495,human,110
0.55,6,21,3815612837024816195,human,210
0.55,6,22,5242794476040961739,zombies,593
0.55,9,3,980340525319779284,human,155
0.55,9,0,2080235540222551556,human,217
0.55,9,1,4311051742076354018,human,445
0.55,9,2,7716176363756011818,human,274
0.55,6,23,7990119896987908474,human,299
0.55,9,4,8100930164665666696,zombies,381
0.55,9,8,8298534330360089447,human,97
0.55,9,5,2617910095820843967,human,351
0.55,9,6,8696543433681150183,human,254
0.55,9,10,5424964052899077292,human,246
0.55,9,7,6419794804362165322,human,292
0.55,9,12,5980425430664243436,human,198
0.55,9,15,8739329762763528901,human,179
0.55,9,13,4195500589335658938,human,204
0.55,9,14,4178730086135235774,human,386
0.55,9,18,3273263442595322522,human,90
0.55,9,11,3357210823586610474,human,544
0.55,9,16,2857749984656812703,human,199
0.55,9,19,7985437857013099833,human,373
0.55,9,9,1082918460953870375,human,668
0.55,9,20,7675520590676285066,human,497
0.55,9,23,9170319254351935821,human,347
0.55,9,22,4437147253711160991,human,583
0.55,12,1,6875984660407257870,human,136
0.55,9,21,3209418052865512912,human,481
0.55,9,24,702542231288698420,human,317
0.55,12,3,554875771133392126,human,173
0.55,12,0,7934182402693325527,human,503
0.55,12,2,3094967180633797661,zombies,622
0.55,12,4,7890812403547692872,human,678
0.55,9,17,4142646215346424917,human,580
0.55,12,7,8061339845848200874,human,243
0.55,12,5,721824973263086634,human,639
0.55,12,6,9036733735846423361,human,771
0.55,12,9,8771549504421865020,human,731
0.55,12,12,7439615323812509623,human,374
0.55,12,10,4957182596387392756,zombies,384
0.55,12,8,2611933703925361699,human,938
0.55,12,13,2869338806752249722,human,285
0.55,12,16,3587097059481587552,human,161
0.55,12,17,7452467274858659015,human,423
0.55,12,20,8548598486873672953,human,155
0.55,12,15,4860582674645446798,human,352
0.55,12,19,1879443416615412449,human,650
0.55,12,21,1679216037054150981,zombies,612
0.55,12,11,6160940717055143976,human,1194
0.55,12,18,5700933565137312118,human,543
0.55,12,22,5317448501040968438,human,194
0.65,0,0,9111411527344690679,human,97
0.65,0,1,5892587495805355892,human,51
0.55,12,14,4693843174303202373,human,803
0.65,0,3,1422035136129981473,human,62
0.65,0,6,1111665069445150127,human,32
0.55,12,23,2989651875000649761,human,735
0.65,0,5,5953873147163651853,human,91
0.65,0,4,3072805830547516391,human,113
0.65,0,9,4152010122935552403,human,43
0.65,0,7,9089170934152998356,human,73
0.65,0,2,5060467145365581689,human,166
0.65,0,8,7111681907854685159,human,92
0.65,0,11,3212796485045866635,human,60
0.65,0,13,7960071541961809063,human,59
0.65,0,14,6684929473158392185,human,71
0.65,0,12,3401432444871566114,human,91
0.55,12,24,7918536670540004431,human,389
0.65,0,17,7033178487882721268,human,68
0.65,0,16,871940746875394589,human,85
0.65,0,15,7384778934536287578,human,119
0.65,0,19,3550625590463762177,human,51
0.65,0,10,8332930769683541454,human,185
0.65,0,21,6282641807194286867,human,41
0.65,0,18,1735235906424152627,human,151
0.65,0,23,1583452518934943895,human,80
0.65,0,22,2761262856861393270,human,134
0.65,3,1,5768898436811348332,human,62
0.65,0,20,8129653577276751889,human,141
0.65,0,24,9155192310725939284,human,152
0.65,3,6,9100939243395907709,human,39
0.65,3,2,1378657453377731662,human,122
0.65,3,5,8203440443207745194,human,113
0.65,3,4,1810161199321327977,human,96
0.65,3,0,5366749961411149428,human,294
0.65,3,9,5260784324294236813,human,127
0.65,3,8,3473672728363908279,human,169
0.65,3,10,3402949738680108608,human,181
0.65,3,12,7387247836569858892,human,114
0.65,3,13,6501604530753243555,human,136
0.65,3,11,719497403451719047,human,188
0.65,3,3,7558523050488292528,human,468
0.65,3,15,5772739381547101504,human,95
0.65,3,16,9200818127761276736,human,118
0.65,3,7,7087988398990506427,human,402
0.65,3,14,5475582454820899484,human,197
0.65,3,17,4745619358638006520,human,205
0.65,3,21,6473118922954585472,human,104
0.65,3,18,2304576157195453061,human,208
0.65,3,20,777246978608563057,human,172
0.65,3,22,1157438618135180836,human,133
0.65,3,19,942092090011048095,human,265
0.65,6,1,3031076390160123957,human,283
0.65,6,0,1585610190221534589,human,325
0.65,3,24,731200658126768698,human,360
0.65,6,4,6904762599896371880,human,543
0.65,6,2,4249305288343848254,human,267
0.65,3,23,2085707155756655119,human,333
0.65,6,5,2379847471780287689,human,175
0.65,6,8,1570692622686439495,human,142
0.65,6,7,8175229932152377347,human,139
0.65,6,3,3081836780223259851,human,433
0.65,6,9,6050121443124448032,human,98
0.65,6,6,7397086006049309193,human,331
0.65,6,12,648437643168429000,human,224
0.65,6,11,6237207671805500214,human,190
0.65,6,10,4389487867824744354,human,225
0.65,6,13,1625501841595313334,human,134
0.65,6,15,1481584633123288037,human,138
0.65,6,20,2985810369424740625,human,103
0.65,6,17,8104316715496119602,human,283
0.65,6,16,3336637806009610726,human,348
0.65,6,21,6594590186886506866,human,403
0.65,6,19,1789353341402276723,human,294
0.65,6,22,5625687157326014924,human,721
0.65,6,18,726391657875373980,human,443
0.65,6,14,3874290930499948357,human,771
0.65,9,0,8112836654444496660,human,149
0.65,6,24,6966626356906897877,human,527
0.65,6,23,5663757020379756964,human,303
0.65,9,2,9062221975881594607,human,146
0.65,9,4,8366283709047825115,human,174
0.65,9,3,1986623301130780928,human,186
0.65,9,5,6483653283642868681,human,349
0.65,9,10,1943971123664643372,human,185
0.65,9,7,8106605183526191785,human,281
0.65,9,9,2984582370576878995,human,388
0.65,9,1,8932140287584343335,human,623
0.65,9,6,2773679076735760199,human,407
0.65,9,8,2194637202568868207,human,797
0.65,9,11,6516646344782771414,human,273
0.65,9,12,6675646357996262970,human,240
0.65,9,15,7126738381177444954,human,180
0.65,9,14,8959555445728931252,human,349
0.65,9,17,7886374472925512086,human,302
0.65,9,13,2432035223120555655,zombies,512
0.65,9,16,3203032392346563859,human,188
0.65,9,18,6047290991750334272,human,374
0.65,9,19,2048308950701926224,human,285
0.65,9,24,2283897206705338483,human,120
0.65,9,20,7442665806270831561,human,384
0.65,9,21,1831766192813798589,human,332
0.65,9,22,4047728769749589935,human,454
0.65,9,23,2319567866274348002,human,359
0.65,12,3,469956919886718347,human,160
0.65,12,0,3336663985554491475,human,348
0.65,12,1,6528875022534222311,human,579
0.65,12,2,5083145593177521915,human,752
0.65,12,4,5475281175638375338,human,363
0.65,12,7,3333917131830741582,human,493
0.65,12,6,2446562932767103944,human,583
0.65,12,9,6196639144005686136,human,527
0.65,12,13,3777889624301170031,human,117
0.65,12,5,7807789615359612651,human,588
0.65,12,8,4209042651171954618,human,833
0.65,12,14,8201817284128754931,human,520
0.65,12,16,183046921766210687,human,110
0.65,12,10,6318551880425691923,human,891
0.65,12,15,1726339056038025890,human,545
0.65,12,12,8599629781967587628,human,382
0.65,12,11,543253553148357492,human,818
0.65,12,23,5951377703348827325,human,96
0.65,12,18,1612399954808882876,human,680
0.65,12,21,744720505457055725,human,130
0.75,0,1,698276470024780940,human,51
0.75,0,2,2516492952085057306,human,71
0.75,0,0,6423212088800863520,human,82
0.75,0,3,1022562380506731018,human,52
0.65,12,19,6006784062910508360,human,912
0.65,12,24,1132311726856119478,human,431
0.75,0,5,3153221667553613386,human,64
0.75,0,7,7031841653273482836,human,41
0.75,0,4,7059542813540269987,human,106
0.75,0,6,785348901816561691,human,119
0.75,0,8,4907095055200283432,human,95
0.75,0,10,4848431318202702844,human,92
0.65,12,20,7130607379005637228,human,620
0.75,0,12,7754607853340439276,human,48
0.65,12,22,6226055454422928352,human,466
0.65,12,17,6499153844784854638,human,746
0.75,0,9,5228135999877439946,human,120
0.75,0,11,5514439802332392692,human,101
0.75,0,13,5709693826368681574,human,92
0.75,0,14,2540428734096581130,human,91
0.75,0,15,6291175350534341338,human,89
0.75,0,16,3441645647378253496,human,85
0.75,0,17,2312430741138083347,human,80
0.75,0,18,4394880659156997638,human,88
0.75,0,19,94074955165640262,human,99
0.75,0,20,1447541958591565767,human,180
0.75,0,21,3127044007427554562,human,104
0.75,0,22,4312019242329500472,human,102
0.75,3,2,1309351670057023673,human,46
0.75,0,23,4821654888904082019,human,126
0.75,3,4,5350866706086307513,human,49
0.75,0,24,8702535482818404833,human,162
0.75,3,6,6982001444914272158,human,84
0.75,3,3,4125764617713333858,human,128
0.75,3,1,7840571180905665874,human,238
0.75,3,7,5212834198566341594,human,89
0.75,3,12,2110479333462928268,human,36
0.75,3,9,63839620272352612,human,120
0.75,3,8,38630872638179838,human,211
0.75,3,0,8564545991635063688,human,383
0.75,3,13,3790967182830730934,human,109
0.75,3,14,3474103291756886724,human,134
0.75,3,18,402824996358256602,human,54
0.75,3,5,2540614340006582870,human,611
0.75,3,17,4400719694783444522,human,95
0.75,3,15,6951728882878876522,human,265
0.75,3,16,1832771958187204884,human,244
0.75,3,20,5855370499783317840,human,62
0.75,3,11,6072582313978790189,human,384
0.75,3,10,4450816332018163023,human,357
0.75,3,21,4262347681701840708,human,142
0.75,3,19,836327033706589443,human,135
0.75,3,24,3327748632868289630,human,117
0.75,3,22,1783483274516161213,human,164
0.75,3,23,302900501785077250,human,132
0.75,6,3,4318498104531618618,human,214
0.75,6,5,2920327444745575917,human,185
0.75,6,1,4709547065148724936,human,304
0.75,6,0,4654951255971982833,human,369
0.75,6,4,4430971556591375084,human,322
0.75,6,7,3125203200163272271,human,573
0.75,6,6,6438704962368486524,human,250
0.75,6,2,3615434366718205320,human,568
0.75,6,8,6392908889835493985,human,145
0.75,6,11,5205772431041926183,human,133
0.75,6,9,8800836818068247920,human,267
0.75,6,12,843965192670222143,human,151
0.75,6,16,2033318787609359351,human,206
0.75,6,13,7302119916039389587,human,221
0.75,6,10,1156702785555691584,human,278
0.75,6,14,5471921053428553795,human,233
0.75,6,15,3705687237634416578,human,281
0.75,6,17,3621169566194914220,human,247
0.75,6,18,4729186214234208630,human,214
0.75,6,21,704870307108071361,human,159
0.75,6,23,3282697643786261988,human,200
0.75,6,22,6734453600667629427,human,304
0.75,9,0,7555277032620916416,human,158
0.75,9,1,1080045729673264627,human,173
0.75,6,19,671079724042773989,human,650
0.75,6,20,6754664100876571522,human,580
0.75,6,24,6173599265358138769,human,313
0.75,9,3,8225161024813134694,human,106
0.75,9,9,4544945882631032571,human,65
0.75,9,4,7216188109007214832,human,254
0.75,9,2,545354889112254562,human,545
0.75,9,6,7515271361064643390,human,361
0.75,9,5,5855762055950957706,human,391
0.75,9,7,6546598695907597667,human,220
0.75,9,13,5762197706738586645,human,79
0.75,9,8,6087991449533177853,human,505
0.75,9,10,6980021147252607542,human,332
0.75,9,12,3910354783486337268,human,248
0.75,9,17,7218813429996558999,human,127
0.75,9,15,9038163218850687891,human,415
0.75,9,14,4068141751753593215,human,322
0.75,9,16,4861097834694886365,human,238
0.75,9,21,9059667357720228002,human,68
0.75,9,20,842577589973538674,human,99
0.75,9,11,120956333944210447,human,416
0.75,9,23,2308695400611558904,human,151
0.75,9,18,6775361048239806428,human,284
0.75,9,22,3778273699487443188,human,172
0.75,12,0,1889166731304867927,human,167
0.75,9,24,7019242948887450524,human,271
0.75,9,19,277704016629973397,human,461
0.75,12,4,9058105536684085573,human,323
0.75,12,7,132804903650492103,human,97
0.75,12,2,5685637573135788189,human,270
0.75,12,5,1984540191784146706,human,221
0.75,12,3,2615637557131554553,human,538
0.75,12,12,1682784480524478519,human,177
0.75,12,9,6343748461392507974,human,265
0.75,12,8,5696623743302756974,human,268
0.75,12,1,6473024604614834489,human,751
0.75,12,13,7011743971254419627,human,163
0.75,12,10,3991628168896237054,human,418
0.75,12,11,8923890608423148110,human,311
0.75,12,6,2288069892133910002,human,485
0.75,12,19,8771018552462006887,human,87
0.75,12,18,3497388153450888194,human,134
0.75,12,16,7973860773351564096,human,212
0.75,12,15,2485983652599942862,human,349
0.75,12,17,6474943745077354422,human,403
0.75,12,21,7506120082496298956,human,437
0.85,0,0,3794461938028050527,human,64
0.75,12,22,6036627934154353169,human,240
0.75,12,14,8399455402327720746,human,457
0.75,12,20,5961368540221950054,human,642
0.75,12,23,7775766530361646627,human,339
0.85,0,1,5108829666631353470,human,95
0.85,0,2,7347141801237583846,human,43
0.85,0,3,4013926697153322583,human,42
0.75,12,24,365191248867256148,human,155
0.85,0,5,5299254227696720068,human,29
0.85,0,4,1940229399712519116,human,81
0.85,0,9,9036199142347426902,human,52
0.85,0,8,600093001193097270,human,79
0.85,0,7,2533636740116610640,human,118
0.85,0,14,7771699488031349510,human,55
0.85,0,6,6434055025756573233,human,146
0.85,0,13,4029221603257742803,human,74
0.85,0,10,7017936150018224280,human,146
0.85,0,12,8787846610914092574,human,103
0.85,0,15,6268709198651577241,human,65
0.85,0,17,4425607185576880281,human,34
0.85,0,20,6030728783749762268,human,27
0.85,0,11,1234347407573734430,human,175
0.85,0,18,2625126236183359910,human,48
0.85,0,22,2849099028008641149,human,63
0.85,0,16,7134340881718246169,human,181
0.85,0,24,6619360628445937083,human,64
0.85,0,23,8088334066244851315,human,68
0.85,3,1,9061349841495278136,human,57
0.85,0,21,4968905469826375173,human,150
0.85,3,5,4898393734322056051,human,73
0.85,3,4,75043359233280376,human,94
0.85,0,19,5774826817044975550,human,198
0.85,3,3,2109153394750880800,human,150
0.85,3,7,699136654512598825,human,80
0.85,3,2,1011216888488601517,human,148
0.85,3,12,4582145682561309129,human,42
0.85,3,0,4541009628209029891,human,483
0.85,3,8,4169048171545218190,human,135
0.85,3,9,4963985220277663799,human,140
0.85,3,11,1606918486486047941,human,102
0.85,3,10,8370555543811474083,human,171
0.85,3,6,6985711884526244724,human,235
0.85,3,16,7273894245793252408,human,124
0.85,3,13,3321509664708274663,human,189
0.85,3,18,786295181572427800,human,79
0.85,3,17,6285301377126008502,human,139
0.85,3,20,8391301691139702671,human,66
0.85,3,15,3717272904561923200,human,191
0.85,3,22,571247870026509830,human,85
0.85,3,23,9176959525964620467,human,115
0.85,3,19,1433602128731476970,human,163
0.85,3,21,1360149698932795202,human,178
0.85,3,14,3625477142020920430,human,326
0.85,6,2,159612740347579276,human,167
0.85,6,3,609509956027688747,human,130
0.85,3,24,6964060871768333337,human,256
0.85,6,6,6257012720742895383,human,73
0.85,6,1,6005240569807866129,human,191
0.85,6,10,6625532074845881190,human,79
0.85,6,4,6293692934259940929,human,231
0.85,6,5,8686598646312894112,human,794
0.85,6,8,3207439507660095333,human,192
0.85,6,11,6839677788582360566,human,115
0.85,6,9,7532573178915279372,human,234
0.85,6,12,3056474052155417169,human,139
0.85,6,14,8296093134295440759,human,133
0.85,6,13,6700670360685753907,human,154
0.85,6,7,2716297581062638395,human,392
0.85,6,17,3095417588098448927,human,110
0.85,6,18,4107566525858440524,human,73
0.85,6,15,4228612587255711111,human,180
0.85,6,0,4319366927032292076,human,741
0.85,6,20,7593204524086415678,human,162
0.85,6,24,8929860718026583623,human,93
0.85,6,23,507994330067758157,human,199
0.85,9,1,1446597035459298659,human,87
0.85,6,21,8628234761900151985,human,442
0.85,6,22,6411011363015484018,human,315
0.85,6,16,3945387235530699775,human,493
0.85,6,19,8313380741363824235,human,471
0.85,9,2,7901246516368490142,human,161
0.85,9,0,5618321155488790490,human,256
0.85,9,9,8795849939686721123,human,64
0.85,9,8,401629099722537525,human,97
0.85,9,10,7422651116002466133,human,83
0.85,9,5,3188351690598337744,human,193
0.85,9,3,9113004968146289306,human,248
0.85,9,4,2386890581278941667,human,317
0.85,9,11,5296903888252973669,human,237
0.85,9,6,2654982730723059750,human,339
0.85,9,13,8207239418277589868,human,145
0.85,9,14,3194275359534190213,human,161
0.85,9,15,7454381369824622841,human,131
0.85,9,12,2793246901144064485,human,439
0.85,9,16,5438651271009614975,human,178
0.85,9,19,7228318738649207349,human,118
0.85,9,20,6157644799222546514,human,197
0.85,9,7,8353634998093019897,human,919
0.85,9,21,1898733481177096200,human,220
0.85,9,17,7052388798101505034,human,327
0.85,9,22,8566852089030529359,human,236
0.85,9,18,1045644515558827319,human,345
0.85,9,23,2659884716530133323,human,237
0.85,9,24,6860152453880553900,human,215
0.85,12,0,9130334698673435134,human,188
0.85,12,5,7847668260287101965,human,82
0.85,12,3,6915033949454327517,human,136
0.85,12,1,7316682057470158196,human,269
0.85,12,4,8609033425986691099,human,270
0.85,12,6,3522019595979538809,human,176
0.85,12,9,8432355430457618294,human,196
0.85,12,10,7259673753092919363,human,253
0.85,12,2,3303308266838353050,human,432
0.85,12,14,9174566672900626000,human,146
0.85,12,7,8649502368735520848,human,578
0.85,12,12,4562835268643150670,human,270
0.85,12,8,4561485745988373786,human,664
0.85,12,11,2111442797276573317,human,277
0.85,12,16,3000107533470907251,human,199
0.85,12,13,6273759364631199330,human,445
0.85,12,21,1241416569402866446,human,154
0.85,12,18,5841952360887705338,human,249
0.85,12,17,589381947163473076,human,334
0.85,12,22,3579974833510294439,human,143
0.95,0,0,8068548290503712795,human,50
0.95,0,1,546519241333121960,human,33
0.95,0,3,210238610678243440,human,39
0.85,12,15,3635454590028815130,human,567
0.85,12,23,3511605885816111998,human,161
0.95,0,2,2137840258046301822,human,80
0.95,0,5,1948224629947207117,human,36
0.95,0,4,5379437872319737822,human,64
0.95,0,7,448251426143958723,human,38
0.95,0,10,7066846023480559621,human,25
0.95,0,9,7061506529947110106,human,41
0.85,12,24,622555807370336938,human,263
0.95,0,12,7194656825949143320,human,49
0.95,0,11,8850881693690363471,human,62
0.95,0,8,604283342808810333,human,91
0.85,12,20,8520420344538255724,human,713
0.85,12,19,753807913705417165,human,616
0.95,0,15,5493287320522418102,human,29
0.95,0,6,57703792697263819,human,215
0.95,0,16,5236531967236155573,human,37
0.95,0,13,1269293677595346799,human,82
0.95,0,14,4198841066056722985,human,69
0.95,0,17,2715557744495897433,human,44
0.95,0,21,6742983310020526705,human,64
0.95,0,18,1158506462210187302,human,81
0.95,0,19,2198322969513980987,human,83
0.95,0,20,7795972003604894296,human,93
0.95,0,23,1210126617452258341,human,57
0.95,0,22,416799961306686155,human,72
0.95,3,3,4396340002562142882,human,45
0.95,3,1,521153559113273730,human,59
0.95,0,24,5650153622013718644,human,93
0.95,3,0,1373995419130968726,human,92
0.95,3,4,6060451660941716322,human,91
0.95,3,2,7221216538013998770,human,119
0.95,3,6,6559054512098451317,human,88
0.95,3,8,6073367490879330184,human,61
0.95,3,12,2656491069758398998,human,60
0.95,3,11,5325987742325846395,human,81
0.95,3,5,2077544575581084027,human,228
0.95,3,7,3011700225940586794,human,167
0.95,3,14,3879916229076916756,human,83
0.95,3,10,1768009868931631034,human,178
0.95,3,16,940117410573497775,human,88
0.95,3,19,3994568178494909458,human,110
0.95,3,20,4909463295535753300,human,63
0.95,3,13,5817226180244345611,human,248
0.95,3,9,4055188636404956281,human,291
0.95,3,22,647421026379469687,human,35
0.95,3,15,4922144184306116252,human,245
0.95,3,21,3552107049102455968,human,148
0.95,3,18,4015564227188511372,human,308
0.95,3,17,8327432442929945403,human,238
0.95,6,1,4377466672909177291,human,77
0.95,3,23,9144548056357552637,human,174
0.95,3,24,978176687832836483,human,198
0.95,6,3,121257718750622103,human,157
0.95,6,0,4071831855477272993,human,200
0.95,6,5,9048871138121435413,human,131
0.95,6,4,1582986062275440519,human,288
0.95,6,6,4243448466511727663,human,168
0.95,6,8,3956768998069936535,human,109
0.95,6,2,5801708149890371254,human,598
0.95,6,9,5350040855491836689,human,151
0.95,6,13,5302412525175715330,human,107
0.95,6,7,5235681535179037050,human,219
0.95,6,12,9089328596572589567,human,123
0.95,6,10,2604362949201671115,human,151
0.95,6,14,4481448050362000623,human,189
0.95,6,20,8441886805259175875,human,66
0.95,6,18,2737822989424971796,human,89
0.95,6,11,3575150454726185536,human,305
0.95,6,15,7700559662163687180,human,242
0.95,6,19,8728605000887944982,human,177
0.95,6,17,2752442885588566678,human,183
0.95,6,21,62661624610733844,human,113
0.95,9,0,8674238170937077104,human,104
0.95,9,1,6305726812315319407,human,115
0.95,6,16,3041412062877293765,human,336
0.95,6,24,8215020310218668050,human,141
0.95,6,23,4014015615652522120,human,208
0.95,6,22,2177240147279762381,human,373
0.95,9,6,3764624560990535693,human,76
0.95,9,2,3213069277480698994,human,210
0.95,9,5,469235034540037597,human,135
0.95,9,3,3911034393672228005,human,189
0.95,9,12,9048378234997406653,human,76
0.95,9,4,140351194153589520,human,379
0.95,9,10,5576724025178802514,human,256
0.95,9,8,6897659480784029907,human,245
0.95,9,13,5034814670128720113,human,174
0.95,9,9,3227934100534252070,human,438
0.95,9,11,3228607757773517441,human,444
0.95,9,7,529050494914193565,human,361
0.95,9,14,5891063402373215513,human,231
0.95,9,16,7295514989053326048,human,128
0.95,9,18,965150711765470930,human,103
0.95,9,17,1592406691547185649,human,147
0.95,9,19,5018102533421042078,human,107
0.95,9,20,5277497880209407971,human,163
0.95,9,24,2537832396473526066,human,94
0.95,9,15,4223064985274856087,human,359
0.95,9,22,1200013131141119915,human,125
0.95,9,21,1205067233617517974,human,196
0.95,9,23,2119092724597167080,human,154
0.95,12,0,8821111644694104256,human,114
0.95,12,5,6537992319858715148,human,123
0.95,12,1,3988987881140703554,human,190
0.95,12,6,4921834119559009873,human,126
0.95,12,8,7458149399660065899,human,147
0.95,12,4,7373065778384325728,human,331
0.95,12,2,5718972389766446231,human,362
0.95,12,11,2737782253564128598,human,116
0.95,12,9,308141663168254851,human,163
0.95,12,7,1784418444286817101,human,285
0.95,12,14,8750342960563312578,human,104
0.95,12,12,8033047681124122517,human,148
0.95,12,15,6509457098250281622,human,89
0.95,12,17,6238836582886014692,human,122
0.95,12,10,760106948844568808,human,556
0.95,12,16,1835244279332967494,human,251
0.95,12,18,2818906787478311384,human,122
0.95,12,13,6345490726284041243,human,562
0.95,12,20,1078229193260645669,human,182
0.95,12,3,3412054479077086589,human,1005
0.95,12,22,3999286284013208614,human,173
0.95,12,19,7740966319729332608,human,299
0.95,12,24,7631295275482369524,human,201
0.95,12,21,2724677416559723476,human,459
0.95,12,23,2015704379032170078,human,604
